genotype,origin,trait_name,value,fpca_source,trait
2369,france,LN_total,19.16666667,NA,mean
b104,france,LN_total,19.33333333,NA,mean
b37,france,LN_total,16.33333333,NA,mean
b73,france,LN_total,20.16666667,NA,mean
ba90,france,LN_total,23.66666667,NA,mean
barb5_ssd01,france,LN_total,22.75,NA,mean
bov_635,france,LN_total,20.33333333,NA,mean
brvi142_hd102,france,LN_total,19.33333333,NA,mean
cal14113,france,LN_total,27.5,NA,mean
cal1440,france,LN_total,22.33333333,NA,mean
cal1469,france,LN_total,24,NA,mean
cal152,france,LN_total,24.5,NA,mean
cla105,france,LN_total,21.33333333,NA,mean
cla127,france,LN_total,28,NA,mean
cla41,france,LN_total,23.33333333,NA,mean
cml10,france,LN_total,26,NA,mean
cml103,france,LN_total,23,NA,mean
cml196,france,LN_total,28,NA,mean
cml228,france,LN_total,21.66666667,NA,mean
cml247,france,LN_total,24.33333333,NA,mean
cml254,france,LN_total,29.33333333,NA,mean
cml258,france,LN_total,26.33333333,NA,mean
cml277,france,LN_total,21.25,NA,mean
cml281,france,LN_total,NA,NA,mean
cml287,france,LN_total,26.75,NA,mean
cml312,france,LN_total,NA,NA,mean
cml322,france,LN_total,23,NA,mean
cml328,france,LN_total,21.66666667,NA,mean
cml331,france,LN_total,26.66666667,NA,mean
cml332,france,LN_total,23,NA,mean
cml333,france,LN_total,22,NA,mean
cml341,france,LN_total,23.42857143,NA,mean
cml373,france,LN_total,23.33333333,NA,mean
cml424,france,LN_total,20.66666667,NA,mean
cml425,france,LN_total,27,NA,mean
cml440,france,LN_total,24,NA,mean
cml444,france,LN_total,25.33333333,NA,mean
cml456,france,LN_total,17,NA,mean
cml460,france,LN_total,20.33333333,NA,mean
cml471,france,LN_total,22,NA,mean
cml473,france,LN_total,24,NA,mean
cml5,france,LN_total,27,NA,mean
cml52,france,LN_total,23.6,NA,mean
cml537,france,LN_total,21,NA,mean
cml541,france,LN_total,26,NA,mean
cml542,france,LN_total,20,NA,mean
cml545,france,LN_total,18.66666667,NA,mean
cml550,france,LN_total,23,NA,mean
cml566,france,LN_total,26.33333333,NA,mean
cml568,france,LN_total,24.33333333,NA,mean
cml570,france,LN_total,23.5,NA,mean
cml576,france,LN_total,25,NA,mean
cml587,france,LN_total,21,NA,mean
cml592,france,LN_total,23,NA,mean
cml593,france,LN_total,26.2,NA,mean
cml69,france,LN_total,21.66666667,NA,mean
cuba54_hd102,france,LN_total,24.5,NA,mean
cuba54_hd105,france,LN_total,26,NA,mean
czl04021,france,LN_total,24.66666667,NA,mean
czl1358,france,LN_total,NA,NA,mean
czl1465,france,LN_total,25.5,NA,mean
czl15003,france,LN_total,23,NA,mean
czl15007,france,LN_total,25,NA,mean
czl15081,france,LN_total,26.33333333,NA,mean
czl15123,france,LN_total,22,NA,mean
czl15194,france,LN_total,25,NA,mean
czl15206,france,LN_total,22.33333333,NA,mean
czl16020,france,LN_total,25.33333333,NA,mean
czl16078,france,LN_total,26.66666667,NA,mean
czl17015,france,LN_total,18,NA,mean
czl20003,france,LN_total,26.66666667,NA,mean
dtma_236,france,LN_total,26,NA,mean
dtma_250,france,LN_total,25,NA,mean
dtma_29,france,LN_total,26.33333333,NA,mean
ecua476_ssd01,france,LN_total,15.66666667,NA,mean
em1197,france,LN_total,24,NA,mean
gcp_193,france,LN_total,25,NA,mean
guad6_ssd01,france,LN_total,23.83333333,NA,mean
hip9801a,france,LN_total,23,NA,mean
hip9802c,france,LN_total,27,NA,mean
hip9803b,france,LN_total,26.33333333,NA,mean
hip9806a,france,LN_total,26.5,NA,mean
hip9806b,france,LN_total,25.66666667,NA,mean
hip9810a,france,LN_total,23,NA,mean
k64r,france,LN_total,22.33333333,NA,mean
ki11,france,LN_total,21,NA,mean
ki14,france,LN_total,26,NA,mean
ki3,france,LN_total,22.33333333,NA,mean
lh123ht,france,LN_total,18.66666667,NA,mean
lh195,france,LN_total,19.66666667,NA,mean
lp1037,france,LN_total,15.66666667,NA,mean
m37w,france,LN_total,18.66666667,NA,mean
mo17,france,LN_total,16,NA,mean
mor_17,france,LN_total,23.5,NA,mean
nc338,france,LN_total,20.5,NA,mean
nc358,france,LN_total,21,NA,mean
nilasq4g31i04,france,LN_total,18.83333333,NA,mean
nilasq4g31i06,france,LN_total,19.66666667,NA,mean
nilasq4g41i07,france,LN_total,19.4,NA,mean
nilasq4g71i03,france,LN_total,18.83333333,NA,mean
oax_70_ssd,france,LN_total,22,NA,mean
oaxagp1_ssd01,france,LN_total,23.33333333,NA,mean
oh43,france,LN_total,14,NA,mean
pdz687_hd105,france,LN_total,21,NA,mean
pdz689_hd201,france,LN_total,21.66666667,NA,mean
ph207,france,LN_total,16.58333333,NA,mean
sc_malawi,france,LN_total,22,NA,mean
tams_125,france,LN_total,28.5,NA,mean
tx601,france,LN_total,30.33333333,NA,mean
tzi8,france,LN_total,22.625,NA,mean
tzi9,france,LN_total,22,NA,mean
vl1018816,france,LN_total,24.66666667,NA,mean
vl1253,france,LN_total,26,NA,mean
2369,france,t_i,8.388520971,NA,mean
b104,france,t_i,8.498896247,NA,mean
b37,france,t_i,6.51214128,NA,mean
b73,france,t_i,9.050772627,NA,mean
ba90,france,t_i,11.36865342,NA,mean
barb5_ssd01,france,t_i,10.7615894,NA,mean
bov_635,france,t_i,9.161147903,NA,mean
brvi142_hd102,france,t_i,8.498896247,NA,mean
cal14113,france,t_i,13.90728477,NA,mean
cal1440,france,t_i,10.48565121,NA,mean
cal1469,france,t_i,11.58940397,NA,mean
cal152,france,t_i,11.9205298,NA,mean
cla105,france,t_i,9.823399558,NA,mean
cla127,france,t_i,14.2384106,NA,mean
cla41,france,t_i,11.14790287,NA,mean
cml10,france,t_i,12.91390728,NA,mean
cml103,france,t_i,10.92715232,NA,mean
cml196,france,t_i,14.2384106,NA,mean
cml228,france,t_i,10.04415011,NA,mean
cml247,france,t_i,11.81015452,NA,mean
cml254,france,t_i,15.12141281,NA,mean
cml258,france,t_i,13.13465784,NA,mean
cml277,france,t_i,9.76821192,NA,mean
cml281,france,t_i,NA,NA,mean
cml287,france,t_i,13.41059603,NA,mean
cml312,france,t_i,NA,NA,mean
cml322,france,t_i,10.92715232,NA,mean
cml328,france,t_i,10.04415011,NA,mean
cml331,france,t_i,13.35540839,NA,mean
cml332,france,t_i,10.92715232,NA,mean
cml333,france,t_i,10.26490066,NA,mean
cml341,france,t_i,11.21097445,NA,mean
cml373,france,t_i,11.14790287,NA,mean
cml424,france,t_i,9.381898454,NA,mean
cml425,france,t_i,13.57615894,NA,mean
cml440,france,t_i,11.58940398,NA,mean
cml444,france,t_i,12.47240618,NA,mean
cml456,france,t_i,6.953642384,NA,mean
cml460,france,t_i,9.161147903,NA,mean
cml471,france,t_i,10.26490066,NA,mean
cml473,france,t_i,11.58940398,NA,mean
cml5,france,t_i,13.57615894,NA,mean
cml52,france,t_i,11.32450331,NA,mean
cml537,france,t_i,9.602649007,NA,mean
cml541,france,t_i,12.91390728,NA,mean
cml542,france,t_i,8.940397351,NA,mean
cml545,france,t_i,8.057395143,NA,mean
cml550,france,t_i,10.92715232,NA,mean
cml566,france,t_i,13.13465783,NA,mean
cml568,france,t_i,11.81015452,NA,mean
cml570,france,t_i,11.25827815,NA,mean
cml576,france,t_i,12.25165563,NA,mean
cml587,france,t_i,9.602649007,NA,mean
cml592,france,t_i,10.92715232,NA,mean
cml593,france,t_i,13.04635761,NA,mean
cml69,france,t_i,10.04415011,NA,mean
cuba54_hd102,france,t_i,11.9205298,NA,mean
cuba54_hd105,france,t_i,12.91390729,NA,mean
czl04021,france,t_i,12.03090508,NA,mean
czl1358,france,t_i,NA,NA,mean
czl1465,france,t_i,12.58278146,NA,mean
czl15003,france,t_i,10.92715232,NA,mean
czl15007,france,t_i,12.25165563,NA,mean
czl15081,france,t_i,13.13465783,NA,mean
czl15123,france,t_i,10.26490066,NA,mean
czl15194,france,t_i,12.25165563,NA,mean
czl15206,france,t_i,10.48565121,NA,mean
czl16020,france,t_i,12.47240618,NA,mean
czl16078,france,t_i,13.35540839,NA,mean
czl17015,france,t_i,7.61589404,NA,mean
czl20003,france,t_i,13.35540839,NA,mean
dtma_236,france,t_i,12.91390728,NA,mean
dtma_250,france,t_i,12.25165563,NA,mean
dtma_29,france,t_i,13.13465783,NA,mean
ecua476_ssd01,france,t_i,6.070640176,NA,mean
em1197,france,t_i,11.58940397,NA,mean
gcp_193,france,t_i,12.25165563,NA,mean
guad6_ssd01,france,t_i,11.4790287,NA,mean
hip9801a,france,t_i,10.92715232,NA,mean
hip9802c,france,t_i,13.57615894,NA,mean
hip9803b,france,t_i,13.13465783,NA,mean
hip9806a,france,t_i,13.24503311,NA,mean
hip9806b,france,t_i,12.69315673,NA,mean
hip9810a,france,t_i,10.92715232,NA,mean
k64r,france,t_i,10.48565121,NA,mean
ki11,france,t_i,9.602649006,NA,mean
ki14,france,t_i,12.91390728,NA,mean
ki3,france,t_i,10.48565121,NA,mean
lh123ht,france,t_i,8.057395144,NA,mean
lh195,france,t_i,8.719646799,NA,mean
lp1037,france,t_i,6.070640176,NA,mean
m37w,france,t_i,8.057395143,NA,mean
mo17,france,t_i,6.291390728,NA,mean
mor_17,france,t_i,11.25827815,NA,mean
nc338,france,t_i,9.271523179,NA,mean
nc358,france,t_i,9.602649006,NA,mean
nilasq4g31i04,france,t_i,8.16777042,NA,mean
nilasq4g31i06,france,t_i,8.719646799,NA,mean
nilasq4g41i07,france,t_i,8.543046357,NA,mean
nilasq4g71i03,france,t_i,8.167770419,NA,mean
oax_70_ssd,france,t_i,10.26490066,NA,mean
oaxagp1_ssd01,france,t_i,11.14790287,NA,mean
oh43,france,t_i,4.966887417,NA,mean
pdz687_hd105,france,t_i,9.602649007,NA,mean
pdz689_hd201,france,t_i,10.04415011,NA,mean
ph207,france,t_i,6.677704194,NA,mean
sc_malawi,france,t_i,10.26490066,NA,mean
tams_125,france,t_i,14.56953643,NA,mean
tx601,france,t_i,15.78366446,NA,mean
tzi8,france,t_i,10.67880795,NA,mean
tzi9,france,t_i,10.26490066,NA,mean
vl1018816,france,t_i,12.03090508,NA,mean
vl1253,france,t_i,12.91390728,NA,mean
2369,france,fpc1,-3.91589519,fe_b_n,mean
b104,france,fpc1,2.116719992,fe_b_n,mean
b37,france,fpc1,-4.775574724,fe_b_n,mean
b73,france,fpc1,-0.678233267,fe_b_n,mean
ba90,france,fpc1,9.984927657,fe_b_n,mean
barb5_ssd01,france,fpc1,-5.714513781,fe_b_n,mean
bov_635,france,fpc1,5.569420373,fe_b_n,mean
brvi142_hd102,france,fpc1,1.433513119,fe_b_n,mean
cal14113,france,fpc1,12.62478784,fe_b_n,mean
cal1440,france,fpc1,7.250789431,fe_b_n,mean
cal1469,france,fpc1,14.25504079,fe_b_n,mean
cal152,france,fpc1,1.790810076,fe_b_n,mean
cla105,france,fpc1,18.50719206,fe_b_n,mean
cla127,france,fpc1,18.60293432,fe_b_n,mean
cla41,france,fpc1,7.675619167,fe_b_n,mean
cml10,france,fpc1,8.916834374,fe_b_n,mean
cml103,france,fpc1,9.04724108,fe_b_n,mean
cml196,france,fpc1,8.295928023,fe_b_n,mean
cml228,france,fpc1,21.3791311,fe_b_n,mean
cml247,france,fpc1,9.807026209,fe_b_n,mean
cml254,france,fpc1,22.20405654,fe_b_n,mean
cml258,france,fpc1,11.66595558,fe_b_n,mean
cml277,france,fpc1,4.648646102,fe_b_n,mean
cml281,france,fpc1,NA,fe_b_n,mean
cml287,france,fpc1,16.60641832,fe_b_n,mean
cml312,france,fpc1,NA,fe_b_n,mean
cml322,france,fpc1,1.117548247,fe_b_n,mean
cml328,france,fpc1,19.53248488,fe_b_n,mean
cml331,france,fpc1,13.40161537,fe_b_n,mean
cml332,france,fpc1,3.920566149,fe_b_n,mean
cml333,france,fpc1,8.053591624,fe_b_n,mean
cml341,france,fpc1,8.162421951,fe_b_n,mean
cml373,france,fpc1,10.21386554,fe_b_n,mean
cml424,france,fpc1,3.313780047,fe_b_n,mean
cml425,france,fpc1,-2.387939697,fe_b_n,mean
cml440,france,fpc1,2.310958306,fe_b_n,mean
cml444,france,fpc1,15.3050564,fe_b_n,mean
cml456,france,fpc1,6.807729132,fe_b_n,mean
cml460,france,fpc1,5.004719048,fe_b_n,mean
cml471,france,fpc1,3.597710605,fe_b_n,mean
cml473,france,fpc1,5.549243166,fe_b_n,mean
cml5,france,fpc1,4.12940436,fe_b_n,mean
cml52,france,fpc1,13.0195896,fe_b_n,mean
cml537,france,fpc1,-0.604166448,fe_b_n,mean
cml541,france,fpc1,1.198683051,fe_b_n,mean
cml542,france,fpc1,0.49556905,fe_b_n,mean
cml545,france,fpc1,-5.718807241,fe_b_n,mean
cml550,france,fpc1,0.086262358,fe_b_n,mean
cml566,france,fpc1,20.88821638,fe_b_n,mean
cml568,france,fpc1,4.963969467,fe_b_n,mean
cml570,france,fpc1,4.564837887,fe_b_n,mean
cml576,france,fpc1,9.968676644,fe_b_n,mean
cml587,france,fpc1,-0.24207686,fe_b_n,mean
cml592,france,fpc1,9.638854117,fe_b_n,mean
cml593,france,fpc1,8.608948839,fe_b_n,mean
cml69,france,fpc1,8.829713421,fe_b_n,mean
cuba54_hd102,france,fpc1,14.88276487,fe_b_n,mean
cuba54_hd105,france,fpc1,6.824962471,fe_b_n,mean
czl04021,france,fpc1,5.402543247,fe_b_n,mean
czl1358,france,fpc1,NA,fe_b_n,mean
czl1465,france,fpc1,17.93668866,fe_b_n,mean
czl15003,france,fpc1,-0.691581619,fe_b_n,mean
czl15007,france,fpc1,4.040613273,fe_b_n,mean
czl15081,france,fpc1,3.76898625,fe_b_n,mean
czl15123,france,fpc1,10.70582129,fe_b_n,mean
czl15194,france,fpc1,6.499390568,fe_b_n,mean
czl15206,france,fpc1,9.562659428,fe_b_n,mean
czl16020,france,fpc1,18.83889979,fe_b_n,mean
czl16078,france,fpc1,10.38811249,fe_b_n,mean
czl17015,france,fpc1,-3.832719902,fe_b_n,mean
czl20003,france,fpc1,19.26683483,fe_b_n,mean
dtma_236,france,fpc1,12.03556274,fe_b_n,mean
dtma_250,france,fpc1,2.344052143,fe_b_n,mean
dtma_29,france,fpc1,2.195492646,fe_b_n,mean
ecua476_ssd01,france,fpc1,4.212664177,fe_b_n,mean
em1197,france,fpc1,-0.458371814,fe_b_n,mean
gcp_193,france,fpc1,1.652787488,fe_b_n,mean
guad6_ssd01,france,fpc1,8.791568742,fe_b_n,mean
hip9801a,france,fpc1,0.747155911,fe_b_n,mean
hip9802c,france,fpc1,2.108169249,fe_b_n,mean
hip9803b,france,fpc1,15.13858583,fe_b_n,mean
hip9806a,france,fpc1,10.27350001,fe_b_n,mean
hip9806b,france,fpc1,18.07972289,fe_b_n,mean
hip9810a,france,fpc1,5.753381962,fe_b_n,mean
k64r,france,fpc1,4.436461303,fe_b_n,mean
ki11,france,fpc1,12.42014445,fe_b_n,mean
ki14,france,fpc1,9.396724415,fe_b_n,mean
ki3,france,fpc1,0.864260014,fe_b_n,mean
lh123ht,france,fpc1,-6.592071123,fe_b_n,mean
lh195,france,fpc1,-3.222736987,fe_b_n,mean
lp1037,france,fpc1,-2.475146035,fe_b_n,mean
m37w,france,fpc1,11.27373003,fe_b_n,mean
mo17,france,fpc1,-6.138893855,fe_b_n,mean
mor_17,france,fpc1,1.25457432,fe_b_n,mean
nc338,france,fpc1,-6.349524961,fe_b_n,mean
nc358,france,fpc1,-6.949221317,fe_b_n,mean
nilasq4g31i04,france,fpc1,-1.294103984,fe_b_n,mean
nilasq4g31i06,france,fpc1,-1.479678213,fe_b_n,mean
nilasq4g41i07,france,fpc1,1.45237019,fe_b_n,mean
nilasq4g71i03,france,fpc1,-4.057207574,fe_b_n,mean
oax_70_ssd,france,fpc1,7.950636677,fe_b_n,mean
oaxagp1_ssd01,france,fpc1,10.00738562,fe_b_n,mean
oh43,france,fpc1,-4.917406581,fe_b_n,mean
pdz687_hd105,france,fpc1,-9.327988835,fe_b_n,mean
pdz689_hd201,france,fpc1,-7.842573601,fe_b_n,mean
ph207,france,fpc1,-2.656576324,fe_b_n,mean
sc_malawi,france,fpc1,4.041378476,fe_b_n,mean
tams_125,france,fpc1,15.35373832,fe_b_n,mean
tx601,france,fpc1,6.379443222,fe_b_n,mean
tzi8,france,fpc1,-1.106013219,fe_b_n,mean
tzi9,france,fpc1,9.931029673,fe_b_n,mean
vl1018816,france,fpc1,6.537413445,fe_b_n,mean
vl1253,france,fpc1,4.804179088,fe_b_n,mean
2369,france,fpc2,-0.78791752,fe_b_n,mean
b104,france,fpc2,4.119741633,fe_b_n,mean
b37,france,fpc2,-0.530712052,fe_b_n,mean
b73,france,fpc2,-1.444764338,fe_b_n,mean
ba90,france,fpc2,2.418062643,fe_b_n,mean
barb5_ssd01,france,fpc2,0.834830775,fe_b_n,mean
bov_635,france,fpc2,-2.57659997,fe_b_n,mean
brvi142_hd102,france,fpc2,-2.124771567,fe_b_n,mean
cal14113,france,fpc2,-0.756152867,fe_b_n,mean
cal1440,france,fpc2,-4.787621352,fe_b_n,mean
cal1469,france,fpc2,2.463761086,fe_b_n,mean
cal152,france,fpc2,1.637666352,fe_b_n,mean
cla105,france,fpc2,4.283897664,fe_b_n,mean
cla127,france,fpc2,-1.717783218,fe_b_n,mean
cla41,france,fpc2,-0.378678078,fe_b_n,mean
cml10,france,fpc2,-2.611987696,fe_b_n,mean
cml103,france,fpc2,-2.770825012,fe_b_n,mean
cml196,france,fpc2,-5.696879632,fe_b_n,mean
cml228,france,fpc2,1.674712096,fe_b_n,mean
cml247,france,fpc2,1.800142601,fe_b_n,mean
cml254,france,fpc2,4.377290038,fe_b_n,mean
cml258,france,fpc2,2.61115742,fe_b_n,mean
cml277,france,fpc2,3.074970118,fe_b_n,mean
cml281,france,fpc2,NA,fe_b_n,mean
cml287,france,fpc2,-3.478946002,fe_b_n,mean
cml312,france,fpc2,NA,fe_b_n,mean
cml322,france,fpc2,-7.056590418,fe_b_n,mean
cml328,france,fpc2,6.329826745,fe_b_n,mean
cml331,france,fpc2,1.655098362,fe_b_n,mean
cml332,france,fpc2,-2.437058891,fe_b_n,mean
cml333,france,fpc2,-2.360869567,fe_b_n,mean
cml341,france,fpc2,5.189890502,fe_b_n,mean
cml373,france,fpc2,-4.38295792,fe_b_n,mean
cml424,france,fpc2,2.31930273,fe_b_n,mean
cml425,france,fpc2,-4.657124752,fe_b_n,mean
cml440,france,fpc2,4.424903279,fe_b_n,mean
cml444,france,fpc2,0.167528969,fe_b_n,mean
cml456,france,fpc2,-0.990348149,fe_b_n,mean
cml460,france,fpc2,-1.191974846,fe_b_n,mean
cml471,france,fpc2,8.863346387,fe_b_n,mean
cml473,france,fpc2,-6.951437545,fe_b_n,mean
cml5,france,fpc2,-4.23783202,fe_b_n,mean
cml52,france,fpc2,-6.645600365,fe_b_n,mean
cml537,france,fpc2,-4.790288993,fe_b_n,mean
cml541,france,fpc2,-8.262370672,fe_b_n,mean
cml542,france,fpc2,-0.969283206,fe_b_n,mean
cml545,france,fpc2,0.553507403,fe_b_n,mean
cml550,france,fpc2,-1.247685073,fe_b_n,mean
cml566,france,fpc2,-4.746765969,fe_b_n,mean
cml568,france,fpc2,-1.082821918,fe_b_n,mean
cml570,france,fpc2,-1.760859466,fe_b_n,mean
cml576,france,fpc2,1.844148356,fe_b_n,mean
cml587,france,fpc2,-3.633367137,fe_b_n,mean
cml592,france,fpc2,-6.784633229,fe_b_n,mean
cml593,france,fpc2,-6.966355372,fe_b_n,mean
cml69,france,fpc2,-1.958463155,fe_b_n,mean
cuba54_hd102,france,fpc2,2.466734279,fe_b_n,mean
cuba54_hd105,france,fpc2,0.119921634,fe_b_n,mean
czl04021,france,fpc2,5.10999254,fe_b_n,mean
czl1358,france,fpc2,NA,fe_b_n,mean
czl1465,france,fpc2,4.614256162,fe_b_n,mean
czl15003,france,fpc2,-4.62428304,fe_b_n,mean
czl15007,france,fpc2,0.735642596,fe_b_n,mean
czl15081,france,fpc2,-3.95147854,fe_b_n,mean
czl15123,france,fpc2,1.15220832,fe_b_n,mean
czl15194,france,fpc2,-6.368630856,fe_b_n,mean
czl15206,france,fpc2,-3.747153896,fe_b_n,mean
czl16020,france,fpc2,-9.861330527,fe_b_n,mean
czl16078,france,fpc2,-3.460949195,fe_b_n,mean
czl17015,france,fpc2,-2.575224465,fe_b_n,mean
czl20003,france,fpc2,-1.606307199,fe_b_n,mean
dtma_236,france,fpc2,3.317738137,fe_b_n,mean
dtma_250,france,fpc2,-2.274339996,fe_b_n,mean
dtma_29,france,fpc2,-2.955607896,fe_b_n,mean
ecua476_ssd01,france,fpc2,-2.284947647,fe_b_n,mean
em1197,france,fpc2,-11.19650167,fe_b_n,mean
gcp_193,france,fpc2,-0.488630542,fe_b_n,mean
guad6_ssd01,france,fpc2,-2.958604524,fe_b_n,mean
hip9801a,france,fpc2,-2.211590061,fe_b_n,mean
hip9802c,france,fpc2,-2.52800813,fe_b_n,mean
hip9803b,france,fpc2,0.497133393,fe_b_n,mean
hip9806a,france,fpc2,-11.20067706,fe_b_n,mean
hip9806b,france,fpc2,-5.480671122,fe_b_n,mean
hip9810a,france,fpc2,-1.700872084,fe_b_n,mean
k64r,france,fpc2,-4.177938403,fe_b_n,mean
ki11,france,fpc2,6.271901317,fe_b_n,mean
ki14,france,fpc2,-0.346357052,fe_b_n,mean
ki3,france,fpc2,2.423561167,fe_b_n,mean
lh123ht,france,fpc2,-6.166831996,fe_b_n,mean
lh195,france,fpc2,-2.064373848,fe_b_n,mean
lp1037,france,fpc2,4.650698103,fe_b_n,mean
m37w,france,fpc2,2.907429442,fe_b_n,mean
mo17,france,fpc2,2.745030158,fe_b_n,mean
mor_17,france,fpc2,1.322737351,fe_b_n,mean
nc338,france,fpc2,-4.168980879,fe_b_n,mean
nc358,france,fpc2,-3.906851927,fe_b_n,mean
nilasq4g31i04,france,fpc2,-1.090542929,fe_b_n,mean
nilasq4g31i06,france,fpc2,-2.473039283,fe_b_n,mean
nilasq4g41i07,france,fpc2,-1.102751427,fe_b_n,mean
nilasq4g71i03,france,fpc2,-1.979036507,fe_b_n,mean
oax_70_ssd,france,fpc2,-0.7674762,fe_b_n,mean
oaxagp1_ssd01,france,fpc2,2.956207002,fe_b_n,mean
oh43,france,fpc2,2.667635031,fe_b_n,mean
pdz687_hd105,france,fpc2,-2.416194265,fe_b_n,mean
pdz689_hd201,france,fpc2,2.780419696,fe_b_n,mean
ph207,france,fpc2,3.135149377,fe_b_n,mean
sc_malawi,france,fpc2,3.452825964,fe_b_n,mean
tams_125,france,fpc2,-4.07390157,fe_b_n,mean
tx601,france,fpc2,-13.4807667,fe_b_n,mean
tzi8,france,fpc2,-5.911261182,fe_b_n,mean
tzi9,france,fpc2,-3.862066145,fe_b_n,mean
vl1018816,france,fpc2,-2.439539748,fe_b_n,mean
vl1253,france,fpc2,-9.650767855,fe_b_n,mean
2369,france,longest_leaf,77.70378739,fe_b_n,mean
b104,france,longest_leaf,86.22079821,fe_b_n,mean
b37,france,longest_leaf,73.92099645,fe_b_n,mean
b73,france,longest_leaf,81.61689082,fe_b_n,mean
ba90,france,longest_leaf,98.04552312,fe_b_n,mean
barb5_ssd01,france,longest_leaf,76.1256555,fe_b_n,mean
bov_635,france,longest_leaf,91.35440608,fe_b_n,mean
brvi142_hd102,france,longest_leaf,84.17655126,fe_b_n,mean
cal14113,france,longest_leaf,100.7761195,fe_b_n,mean
cal1440,france,longest_leaf,93.75761095,fe_b_n,mean
cal1469,france,longest_leaf,104.0654181,fe_b_n,mean
cal152,france,longest_leaf,86.17561194,fe_b_n,mean
cla105,france,longest_leaf,111.8367211,fe_b_n,mean
cla127,france,longest_leaf,106.7307557,fe_b_n,mean
cla41,france,longest_leaf,94.98821212,fe_b_n,mean
cml10,france,longest_leaf,95.85506798,fe_b_n,mean
cml103,france,longest_leaf,94.43877136,fe_b_n,mean
cml196,france,longest_leaf,96.35764142,fe_b_n,mean
cml228,france,longest_leaf,112.4906306,fe_b_n,mean
cml247,france,longest_leaf,96.69985475,fe_b_n,mean
cml254,france,longest_leaf,115.7977497,fe_b_n,mean
cml258,france,longest_leaf,101.3371372,fe_b_n,mean
cml277,france,longest_leaf,88.58604529,fe_b_n,mean
cml281,france,longest_leaf,NA,fe_b_n,mean
cml287,france,longest_leaf,107.1209163,fe_b_n,mean
cml312,france,longest_leaf,NA,fe_b_n,mean
cml322,france,longest_leaf,83.93925516,fe_b_n,mean
cml328,france,longest_leaf,109.235072,fe_b_n,mean
cml331,france,longest_leaf,101.9147585,fe_b_n,mean
cml332,france,longest_leaf,86.63333928,fe_b_n,mean
cml333,france,longest_leaf,92.98150981,fe_b_n,mean
cml341,france,longest_leaf,95.87605691,fe_b_n,mean
cml373,france,longest_leaf,97.63421225,fe_b_n,mean
cml424,france,longest_leaf,87.55189788,fe_b_n,mean
cml425,france,longest_leaf,80.32046147,fe_b_n,mean
cml440,france,longest_leaf,87.23836091,fe_b_n,mean
cml444,france,longest_leaf,106.0504904,fe_b_n,mean
cml456,france,longest_leaf,91.716687,fe_b_n,mean
cml460,france,longest_leaf,89.77321396,fe_b_n,mean
cml471,france,longest_leaf,91.87264897,fe_b_n,mean
cml473,france,longest_leaf,93.82067749,fe_b_n,mean
cml5,france,longest_leaf,89.50429721,fe_b_n,mean
cml52,france,longest_leaf,103.3724248,fe_b_n,mean
cml537,france,longest_leaf,81.19026171,fe_b_n,mean
cml541,france,longest_leaf,86.08836169,fe_b_n,mean
cml542,france,longest_leaf,83.0993564,fe_b_n,mean
cml545,france,longest_leaf,76.17699905,fe_b_n,mean
cml550,france,longest_leaf,82.69002778,fe_b_n,mean
cml566,france,longest_leaf,113.7440321,fe_b_n,mean
cml568,france,longest_leaf,90.71232141,fe_b_n,mean
cml570,france,longest_leaf,87.99201426,fe_b_n,mean
cml576,france,longest_leaf,97.58733804,fe_b_n,mean
cml587,france,longest_leaf,82.87411025,fe_b_n,mean
cml592,france,longest_leaf,97.43227345,fe_b_n,mean
cml593,france,longest_leaf,97.63121183,fe_b_n,mean
cml69,france,longest_leaf,96.08023094,fe_b_n,mean
cuba54_hd102,france,longest_leaf,105.3954245,fe_b_n,mean
cuba54_hd105,france,longest_leaf,92.23755909,fe_b_n,mean
czl04021,france,longest_leaf,90.24274391,fe_b_n,mean
czl1358,france,longest_leaf,NA,fe_b_n,mean
czl1465,france,longest_leaf,111.2164856,fe_b_n,mean
czl15003,france,longest_leaf,82.09904749,fe_b_n,mean
czl15007,france,longest_leaf,86.92935193,fe_b_n,mean
czl15081,france,longest_leaf,88.57883086,fe_b_n,mean
czl15123,france,longest_leaf,97.13121177,fe_b_n,mean
czl15194,france,longest_leaf,92.1821685,fe_b_n,mean
czl15206,france,longest_leaf,97.27818646,fe_b_n,mean
czl16020,france,longest_leaf,114.4291823,fe_b_n,mean
czl16078,france,longest_leaf,95.81681785,fe_b_n,mean
czl17015,france,longest_leaf,77.28853505,fe_b_n,mean
czl20003,france,longest_leaf,108.172343,fe_b_n,mean
dtma_236,france,longest_leaf,97.22085269,fe_b_n,mean
dtma_250,france,longest_leaf,86.15211086,fe_b_n,mean
dtma_29,france,longest_leaf,85.61454527,fe_b_n,mean
ecua476_ssd01,france,longest_leaf,87.34224666,fe_b_n,mean
em1197,france,longest_leaf,85.19095779,fe_b_n,mean
gcp_193,france,longest_leaf,86.20851701,fe_b_n,mean
guad6_ssd01,france,longest_leaf,95.90893006,fe_b_n,mean
hip9801a,france,longest_leaf,84.9714561,fe_b_n,mean
hip9802c,france,longest_leaf,86.12844253,fe_b_n,mean
hip9803b,france,longest_leaf,103.8928039,fe_b_n,mean
hip9806a,france,longest_leaf,102.7968235,fe_b_n,mean
hip9806b,france,longest_leaf,108.5402923,fe_b_n,mean
hip9810a,france,longest_leaf,93.403992,fe_b_n,mean
k64r,france,longest_leaf,89.38525825,fe_b_n,mean
ki11,france,longest_leaf,100.2519565,fe_b_n,mean
ki14,france,longest_leaf,94.16423757,fe_b_n,mean
ki3,france,longest_leaf,85.38533777,fe_b_n,mean
lh123ht,france,longest_leaf,72.17214319,fe_b_n,mean
lh195,france,longest_leaf,76.62888263,fe_b_n,mean
lp1037,france,longest_leaf,80.94809368,fe_b_n,mean
m37w,france,longest_leaf,95.99740547,fe_b_n,mean
mo17,france,longest_leaf,72.84557165,fe_b_n,mean
mor_17,france,longest_leaf,86.52956333,fe_b_n,mean
nc338,france,longest_leaf,73.2131228,fe_b_n,mean
nc358,france,longest_leaf,72.730879,fe_b_n,mean
nilasq4g31i04,france,longest_leaf,80.01834805,fe_b_n,mean
nilasq4g31i06,france,longest_leaf,80.41164445,fe_b_n,mean
nilasq4g41i07,france,longest_leaf,85.02803014,fe_b_n,mean
nilasq4g71i03,france,longest_leaf,76.97279488,fe_b_n,mean
oax_70_ssd,france,longest_leaf,91.51710177,fe_b_n,mean
oaxagp1_ssd01,france,longest_leaf,99.19620553,fe_b_n,mean
oh43,france,longest_leaf,74.15703376,fe_b_n,mean
pdz687_hd105,france,longest_leaf,71.00680741,fe_b_n,mean
pdz689_hd201,france,longest_leaf,72.12124975,fe_b_n,mean
ph207,france,longest_leaf,78.2923884,fe_b_n,mean
sc_malawi,france,longest_leaf,89.88555906,fe_b_n,mean
tams_125,france,longest_leaf,105.0998609,fe_b_n,mean
tx601,france,longest_leaf,99.51104842,fe_b_n,mean
tzi8,france,longest_leaf,80.79722488,fe_b_n,mean
tzi9,france,longest_leaf,98.76557399,fe_b_n,mean
vl1018816,france,longest_leaf,94.11128615,fe_b_n,mean
vl1253,france,longest_leaf,92.70879547,fe_b_n,mean
2369,france,longest_leaf_pos,0.634649123,fe_b_n,mean
b104,france,longest_leaf_pos,0.655263158,fe_b_n,mean
b37,france,longest_leaf_pos,0.632352941,fe_b_n,mean
b73,france,longest_leaf_pos,0.608508012,fe_b_n,mean
ba90,france,longest_leaf_pos,0.635606061,fe_b_n,mean
barb5_ssd01,france,longest_leaf_pos,0.659255599,fe_b_n,mean
bov_635,france,longest_leaf_pos,0.575605681,fe_b_n,mean
brvi142_hd102,france,longest_leaf_pos,0.620175439,fe_b_n,mean
cal14113,france,longest_leaf_pos,0.582010582,fe_b_n,mean
cal1440,france,longest_leaf_pos,0.58168643,fe_b_n,mean
cal1469,france,longest_leaf_pos,0.627218848,fe_b_n,mean
cal152,france,longest_leaf_pos,0.6325,fe_b_n,mean
cla105,france,longest_leaf_pos,0.640692641,fe_b_n,mean
cla127,france,longest_leaf_pos,0.571428571,fe_b_n,mean
cla41,france,longest_leaf_pos,0.612373737,fe_b_n,mean
cml10,france,longest_leaf_pos,0.587169991,fe_b_n,mean
cml103,france,longest_leaf_pos,0.579710145,fe_b_n,mean
cml196,france,longest_leaf_pos,0.559128505,fe_b_n,mean
cml228,france,longest_leaf_pos,0.6002886,fe_b_n,mean
cml247,france,longest_leaf_pos,0.616360089,fe_b_n,mean
cml254,france,longest_leaf_pos,0.631417625,fe_b_n,mean
cml258,france,longest_leaf_pos,0.628116575,fe_b_n,mean
cml277,france,longest_leaf_pos,0.647348485,fe_b_n,mean
cml281,france,longest_leaf_pos,NA,fe_b_n,mean
cml287,france,longest_leaf_pos,0.560897436,fe_b_n,mean
cml312,france,longest_leaf_pos,NA,fe_b_n,mean
cml322,france,longest_leaf_pos,0.52173913,fe_b_n,mean
cml328,france,longest_leaf_pos,0.630591631,fe_b_n,mean
cml331,france,longest_leaf_pos,0.612535613,fe_b_n,mean
cml332,france,longest_leaf_pos,0.565217391,fe_b_n,mean
cml333,france,longest_leaf_pos,0.590344438,fe_b_n,mean
cml341,france,longest_leaf_pos,0.646366315,fe_b_n,mean
cml373,france,longest_leaf_pos,0.557461572,fe_b_n,mean
cml424,france,longest_leaf_pos,0.645454545,fe_b_n,mean
cml425,france,longest_leaf_pos,0.592592593,fe_b_n,mean
cml440,france,longest_leaf_pos,0.667826087,fe_b_n,mean
cml444,france,longest_leaf_pos,0.600815851,fe_b_n,mean
cml456,france,longest_leaf_pos,0.588235294,fe_b_n,mean
cml460,france,longest_leaf_pos,0.606349206,fe_b_n,mean
cml471,france,longest_leaf_pos,0.704968944,fe_b_n,mean
cml473,france,longest_leaf_pos,0.564347826,fe_b_n,mean
cml5,france,longest_leaf_pos,0.592592593,fe_b_n,mean
cml52,france,longest_leaf_pos,0.542391304,fe_b_n,mean
cml537,france,longest_leaf_pos,0.571428571,fe_b_n,mean
cml541,france,longest_leaf_pos,0.525641026,fe_b_n,mean
cml542,france,longest_leaf_pos,0.616666667,fe_b_n,mean
cml545,france,longest_leaf_pos,0.659844055,fe_b_n,mean
cml550,france,longest_leaf_pos,0.608695652,fe_b_n,mean
cml566,france,longest_leaf_pos,0.56980057,fe_b_n,mean
cml568,france,longest_leaf_pos,0.604143441,fe_b_n,mean
cml570,france,longest_leaf_pos,0.616847826,fe_b_n,mean
cml576,france,longest_leaf_pos,0.64,fe_b_n,mean
cml587,france,longest_leaf_pos,0.587301587,fe_b_n,mean
cml592,france,longest_leaf_pos,0.565217391,fe_b_n,mean
cml593,france,longest_leaf_pos,0.53448433,fe_b_n,mean
cml69,france,longest_leaf_pos,0.6002886,fe_b_n,mean
cuba54_hd102,france,longest_leaf_pos,0.619913601,fe_b_n,mean
cuba54_hd105,france,longest_leaf_pos,0.615317814,fe_b_n,mean
czl04021,france,longest_leaf_pos,0.662222222,fe_b_n,mean
czl1358,france,longest_leaf_pos,NA,fe_b_n,mean
czl1465,france,longest_leaf_pos,0.646923077,fe_b_n,mean
czl15003,france,longest_leaf_pos,0.565217391,fe_b_n,mean
czl15007,france,longest_leaf_pos,0.612948718,fe_b_n,mean
czl15081,france,longest_leaf_pos,0.569325736,fe_b_n,mean
czl15123,france,longest_leaf_pos,0.613636364,fe_b_n,mean
czl15194,france,longest_leaf_pos,0.546296296,fe_b_n,mean
czl15206,france,longest_leaf_pos,0.582345191,fe_b_n,mean
czl16020,france,longest_leaf_pos,0.526153846,fe_b_n,mean
czl16078,france,longest_leaf_pos,0.562678063,fe_b_n,mean
czl17015,france,longest_leaf_pos,0.611111111,fe_b_n,mean
czl20003,france,longest_leaf_pos,0.587369421,fe_b_n,mean
dtma_236,france,longest_leaf_pos,0.615384615,fe_b_n,mean
dtma_250,france,longest_leaf_pos,0.613333333,fe_b_n,mean
dtma_29,france,longest_leaf_pos,0.594966762,fe_b_n,mean
ecua476_ssd01,france,longest_leaf_pos,0.575,fe_b_n,mean
em1197,france,longest_leaf_pos,0.5,fe_b_n,mean
gcp_193,france,longest_leaf_pos,0.61356466,fe_b_n,mean
guad6_ssd01,france,longest_leaf_pos,0.580652174,fe_b_n,mean
hip9801a,france,longest_leaf_pos,0.608695652,fe_b_n,mean
hip9802c,france,longest_leaf_pos,0.592592593,fe_b_n,mean
hip9803b,france,longest_leaf_pos,0.607787274,fe_b_n,mean
hip9806a,france,longest_leaf_pos,0.528490028,fe_b_n,mean
hip9806b,france,longest_leaf_pos,0.545793651,fe_b_n,mean
hip9810a,france,longest_leaf_pos,0.623188406,fe_b_n,mean
k64r,france,longest_leaf_pos,0.567852437,fe_b_n,mean
ki11,france,longest_leaf_pos,0.657748918,fe_b_n,mean
ki14,france,longest_leaf_pos,0.615384615,fe_b_n,mean
ki3,france,longest_leaf_pos,0.656785244,fe_b_n,mean
lh123ht,france,longest_leaf_pos,0.553703704,fe_b_n,mean
lh195,france,longest_leaf_pos,0.610526316,fe_b_n,mean
lp1037,france,longest_leaf_pos,0.680555556,fe_b_n,mean
m37w,france,longest_leaf_pos,0.589668616,fe_b_n,mean
mo17,france,longest_leaf_pos,0.666666667,fe_b_n,mean
mor_17,france,longest_leaf_pos,0.637681159,fe_b_n,mean
nc338,france,longest_leaf_pos,0.585714286,fe_b_n,mean
nc358,france,longest_leaf_pos,0.603318903,fe_b_n,mean
nilasq4g31i04,france,longest_leaf_pos,0.609892788,fe_b_n,mean
nilasq4g31i06,france,longest_leaf_pos,0.601315789,fe_b_n,mean
nilasq4g41i07,france,longest_leaf_pos,0.618947368,fe_b_n,mean
nilasq4g71i03,france,longest_leaf_pos,0.628167641,fe_b_n,mean
oax_70_ssd,france,longest_leaf_pos,0.590909091,fe_b_n,mean
oaxagp1_ssd01,france,longest_leaf_pos,0.644664032,fe_b_n,mean
oh43,france,longest_leaf_pos,0.667277167,fe_b_n,mean
pdz687_hd105,france,longest_leaf_pos,0.619047619,fe_b_n,mean
pdz689_hd201,france,longest_leaf_pos,0.661616162,fe_b_n,mean
ph207,france,longest_leaf_pos,0.658922736,fe_b_n,mean
sc_malawi,france,longest_leaf_pos,0.651515152,fe_b_n,mean
tams_125,france,longest_leaf_pos,0.552955665,fe_b_n,mean
tx601,france,longest_leaf_pos,0.527994067,fe_b_n,mean
tzi8,france,longest_leaf_pos,0.56335639,fe_b_n,mean
tzi9,france,longest_leaf_pos,0.576202632,fe_b_n,mean
vl1018816,france,longest_leaf_pos,0.608888889,fe_b_n,mean
vl1253,france,longest_leaf_pos,0.519230769,fe_b_n,mean
2369,mexico,LN_total,18.33333333,NA,mean
b104,mexico,LN_total,19,NA,mean
b37,mexico,LN_total,18,NA,mean
b73,mexico,LN_total,19.6,NA,mean
ba90,mexico,LN_total,18,NA,mean
barb5_ssd01,mexico,LN_total,19.28571429,NA,mean
bov_635,mexico,LN_total,17.66666667,NA,mean
brvi142_hd102,mexico,LN_total,18.66666667,NA,mean
cal14113,mexico,LN_total,21.33333333,NA,mean
cal1440,mexico,LN_total,18.66666667,NA,mean
cal1469,mexico,LN_total,17,NA,mean
cal152,mexico,LN_total,20.75,NA,mean
cla105,mexico,LN_total,17,NA,mean
cla127,mexico,LN_total,19.66666667,NA,mean
cla41,mexico,LN_total,19,NA,mean
cml10,mexico,LN_total,21.33333333,NA,mean
cml103,mexico,LN_total,20,NA,mean
cml196,mexico,LN_total,23.66666667,NA,mean
cml228,mexico,LN_total,17.33333333,NA,mean
cml247,mexico,LN_total,21.66666667,NA,mean
cml254,mexico,LN_total,21.5,NA,mean
cml258,mexico,LN_total,22.75,NA,mean
cml277,mexico,LN_total,18.27272727,NA,mean
cml281,mexico,LN_total,23.33333333,NA,mean
cml287,mexico,LN_total,20.66666667,NA,mean
cml312,mexico,LN_total,20,NA,mean
cml322,mexico,LN_total,18.66666667,NA,mean
cml328,mexico,LN_total,15.33333333,NA,mean
cml331,mexico,LN_total,20.33333333,NA,mean
cml332,mexico,LN_total,19,NA,mean
cml333,mexico,LN_total,19,NA,mean
cml341,mexico,LN_total,19.33333333,NA,mean
cml373,mexico,LN_total,20.33333333,NA,mean
cml424,mexico,LN_total,18,NA,mean
cml425,mexico,LN_total,19,NA,mean
cml440,mexico,LN_total,17,NA,mean
cml444,mexico,LN_total,19.42857143,NA,mean
cml456,mexico,LN_total,15,NA,mean
cml460,mexico,LN_total,17.66666667,NA,mean
cml471,mexico,LN_total,18,NA,mean
cml473,mexico,LN_total,19.33333333,NA,mean
cml5,mexico,LN_total,20.33333333,NA,mean
cml52,mexico,LN_total,20.33333333,NA,mean
cml537,mexico,LN_total,21.5,NA,mean
cml541,mexico,LN_total,19.33333333,NA,mean
cml542,mexico,LN_total,17,NA,mean
cml545,mexico,LN_total,18.25,NA,mean
cml550,mexico,LN_total,19.33333333,NA,mean
cml566,mexico,LN_total,21.33333333,NA,mean
cml568,mexico,LN_total,20,NA,mean
cml570,mexico,LN_total,19,NA,mean
cml576,mexico,LN_total,20.66666667,NA,mean
cml587,mexico,LN_total,18,NA,mean
cml592,mexico,LN_total,19.66666667,NA,mean
cml593,mexico,LN_total,21.83333333,NA,mean
cml69,mexico,LN_total,19.33333333,NA,mean
cuba54_hd102,mexico,LN_total,18.8,NA,mean
cuba54_hd105,mexico,LN_total,20.16666667,NA,mean
czl04021,mexico,LN_total,18.66666667,NA,mean
czl1358,mexico,LN_total,20,NA,mean
czl1465,mexico,LN_total,22,NA,mean
czl15003,mexico,LN_total,18,NA,mean
czl15007,mexico,LN_total,21,NA,mean
czl15081,mexico,LN_total,NA,NA,mean
czl15123,mexico,LN_total,18.33333333,NA,mean
czl15194,mexico,LN_total,19.33333333,NA,mean
czl15206,mexico,LN_total,20.66666667,NA,mean
czl16020,mexico,LN_total,21,NA,mean
czl16078,mexico,LN_total,22,NA,mean
czl17015,mexico,LN_total,17,NA,mean
czl20003,mexico,LN_total,19.66666667,NA,mean
dtma_236,mexico,LN_total,19,NA,mean
dtma_250,mexico,LN_total,20,NA,mean
dtma_29,mexico,LN_total,18.66666667,NA,mean
ecua476_ssd01,mexico,LN_total,16.33333333,NA,mean
em1197,mexico,LN_total,17,NA,mean
gcp_193,mexico,LN_total,20.16666667,NA,mean
guad6_ssd01,mexico,LN_total,19.71428571,NA,mean
hip9801a,mexico,LN_total,20.33333333,NA,mean
hip9802c,mexico,LN_total,22.75,NA,mean
hip9803b,mexico,LN_total,19.33333333,NA,mean
hip9806a,mexico,LN_total,20.33333333,NA,mean
hip9806b,mexico,LN_total,20.33333333,NA,mean
hip9810a,mexico,LN_total,19.66666667,NA,mean
k64r,mexico,LN_total,20,NA,mean
ki11,mexico,LN_total,17.33333333,NA,mean
ki14,mexico,LN_total,20.66666667,NA,mean
ki3,mexico,LN_total,19,NA,mean
lh123ht,mexico,LN_total,18.66666667,NA,mean
lh195,mexico,LN_total,18.33333333,NA,mean
lp1037,mexico,LN_total,15,NA,mean
m37w,mexico,LN_total,17.66666667,NA,mean
mo17,mexico,LN_total,16,NA,mean
mor_17,mexico,LN_total,17.33333333,NA,mean
nc338,mexico,LN_total,17.33333333,NA,mean
nc358,mexico,LN_total,17.66666667,NA,mean
nilasq4g31i04,mexico,LN_total,17.66666667,NA,mean
nilasq4g31i06,mexico,LN_total,18.42857143,NA,mean
nilasq4g41i07,mexico,LN_total,17.28571429,NA,mean
nilasq4g71i03,mexico,LN_total,17.83333333,NA,mean
oax_70_ssd,mexico,LN_total,NA,NA,mean
oaxagp1_ssd01,mexico,LN_total,22.33333333,NA,mean
oh43,mexico,LN_total,16,NA,mean
pdz687_hd105,mexico,LN_total,16.5,NA,mean
pdz689_hd201,mexico,LN_total,17.66666667,NA,mean
ph207,mexico,LN_total,16.16666667,NA,mean
sc_malawi,mexico,LN_total,20.33333333,NA,mean
tams_125,mexico,LN_total,20.66666667,NA,mean
tx601,mexico,LN_total,23.66666667,NA,mean
tzi8,mexico,LN_total,18.09090909,NA,mean
tzi9,mexico,LN_total,19.38461538,NA,mean
vl1018816,mexico,LN_total,22.66666667,NA,mean
vl1253,mexico,LN_total,20,NA,mean
2369,mexico,t_i,7.836644592,NA,mean
b104,mexico,t_i,8.278145695,NA,mean
b37,mexico,t_i,7.61589404,NA,mean
b73,mexico,t_i,8.675496689,NA,mean
ba90,mexico,t_i,7.61589404,NA,mean
barb5_ssd01,mexico,t_i,8.467360454,NA,mean
bov_635,mexico,t_i,7.395143488,NA,mean
brvi142_hd102,mexico,t_i,8.057395143,NA,mean
cal14113,mexico,t_i,9.823399558,NA,mean
cal1440,mexico,t_i,8.057395143,NA,mean
cal1469,mexico,t_i,6.953642384,NA,mean
cal152,mexico,t_i,9.437086093,NA,mean
cla105,mexico,t_i,6.953642384,NA,mean
cla127,mexico,t_i,8.719646799,NA,mean
cla41,mexico,t_i,8.278145695,NA,mean
cml10,mexico,t_i,9.823399558,NA,mean
cml103,mexico,t_i,8.940397351,NA,mean
cml196,mexico,t_i,11.36865342,NA,mean
cml228,mexico,t_i,7.174392936,NA,mean
cml247,mexico,t_i,10.04415011,NA,mean
cml254,mexico,t_i,9.933774834,NA,mean
cml258,mexico,t_i,10.7615894,NA,mean
cml277,mexico,t_i,7.796508128,NA,mean
cml281,mexico,t_i,11.14790287,NA,mean
cml287,mexico,t_i,9.381898455,NA,mean
cml312,mexico,t_i,8.940397351,NA,mean
cml322,mexico,t_i,8.057395143,NA,mean
cml328,mexico,t_i,5.849889625,NA,mean
cml331,mexico,t_i,9.161147903,NA,mean
cml332,mexico,t_i,8.278145695,NA,mean
cml333,mexico,t_i,8.278145695,NA,mean
cml341,mexico,t_i,8.498896247,NA,mean
cml373,mexico,t_i,9.161147903,NA,mean
cml424,mexico,t_i,7.61589404,NA,mean
cml425,mexico,t_i,8.278145695,NA,mean
cml440,mexico,t_i,6.953642384,NA,mean
cml444,mexico,t_i,8.561967833,NA,mean
cml456,mexico,t_i,5.629139073,NA,mean
cml460,mexico,t_i,7.395143488,NA,mean
cml471,mexico,t_i,7.61589404,NA,mean
cml473,mexico,t_i,8.498896247,NA,mean
cml5,mexico,t_i,9.161147903,NA,mean
cml52,mexico,t_i,9.161147903,NA,mean
cml537,mexico,t_i,9.933774834,NA,mean
cml541,mexico,t_i,8.498896247,NA,mean
cml542,mexico,t_i,6.953642384,NA,mean
cml545,mexico,t_i,7.781456954,NA,mean
cml550,mexico,t_i,8.498896247,NA,mean
cml566,mexico,t_i,9.823399558,NA,mean
cml568,mexico,t_i,8.940397351,NA,mean
cml570,mexico,t_i,8.278145695,NA,mean
cml576,mexico,t_i,9.381898455,NA,mean
cml587,mexico,t_i,7.61589404,NA,mean
cml592,mexico,t_i,8.719646799,NA,mean
cml593,mexico,t_i,10.15452539,NA,mean
cml69,mexico,t_i,8.498896247,NA,mean
cuba54_hd102,mexico,t_i,8.145695364,NA,mean
cuba54_hd105,mexico,t_i,9.050772627,NA,mean
czl04021,mexico,t_i,8.057395143,NA,mean
czl1358,mexico,t_i,8.940397351,NA,mean
czl1465,mexico,t_i,10.26490066,NA,mean
czl15003,mexico,t_i,7.61589404,NA,mean
czl15007,mexico,t_i,9.602649007,NA,mean
czl15081,mexico,t_i,NA,NA,mean
czl15123,mexico,t_i,7.836644591,NA,mean
czl15194,mexico,t_i,8.498896247,NA,mean
czl15206,mexico,t_i,9.381898455,NA,mean
czl16020,mexico,t_i,9.602649007,NA,mean
czl16078,mexico,t_i,10.26490066,NA,mean
czl17015,mexico,t_i,6.953642384,NA,mean
czl20003,mexico,t_i,8.719646799,NA,mean
dtma_236,mexico,t_i,8.278145695,NA,mean
dtma_250,mexico,t_i,8.940397351,NA,mean
dtma_29,mexico,t_i,8.057395143,NA,mean
ecua476_ssd01,mexico,t_i,6.51214128,NA,mean
em1197,mexico,t_i,6.953642384,NA,mean
gcp_193,mexico,t_i,9.050772627,NA,mean
guad6_ssd01,mexico,t_i,8.751182592,NA,mean
hip9801a,mexico,t_i,9.161147903,NA,mean
hip9802c,mexico,t_i,10.76158941,NA,mean
hip9803b,mexico,t_i,8.498896247,NA,mean
hip9806a,mexico,t_i,9.161147903,NA,mean
hip9806b,mexico,t_i,9.161147903,NA,mean
hip9810a,mexico,t_i,8.719646799,NA,mean
k64r,mexico,t_i,8.940397351,NA,mean
ki11,mexico,t_i,7.174392936,NA,mean
ki14,mexico,t_i,9.381898455,NA,mean
ki3,mexico,t_i,8.278145696,NA,mean
lh123ht,mexico,t_i,8.057395144,NA,mean
lh195,mexico,t_i,7.836644592,NA,mean
lp1037,mexico,t_i,5.629139073,NA,mean
m37w,mexico,t_i,7.395143488,NA,mean
mo17,mexico,t_i,6.291390728,NA,mean
mor_17,mexico,t_i,7.174392936,NA,mean
nc338,mexico,t_i,7.174392936,NA,mean
nc358,mexico,t_i,7.395143488,NA,mean
nilasq4g31i04,mexico,t_i,7.395143488,NA,mean
nilasq4g31i06,mexico,t_i,7.899716178,NA,mean
nilasq4g41i07,mexico,t_i,7.142857143,NA,mean
nilasq4g71i03,mexico,t_i,7.505518764,NA,mean
oax_70_ssd,mexico,t_i,NA,NA,mean
oaxagp1_ssd01,mexico,t_i,10.48565121,NA,mean
oh43,mexico,t_i,6.291390728,NA,mean
pdz687_hd105,mexico,t_i,6.622516556,NA,mean
pdz689_hd201,mexico,t_i,7.395143488,NA,mean
ph207,mexico,t_i,6.401766004,NA,mean
sc_malawi,mexico,t_i,9.161147903,NA,mean
tams_125,mexico,t_i,9.381898455,NA,mean
tx601,mexico,t_i,11.36865342,NA,mean
tzi8,mexico,t_i,7.676098736,NA,mean
tzi9,mexico,t_i,8.532857871,NA,mean
vl1018816,mexico,t_i,10.70640177,NA,mean
vl1253,mexico,t_i,8.940397351,NA,mean
2369,mexico,fpc1,-8.14967261,fe_b_n,mean
b104,mexico,fpc1,5.123046356,fe_b_n,mean
b37,mexico,fpc1,-8.515233826,fe_b_n,mean
b73,mexico,fpc1,-6.410010709,fe_b_n,mean
ba90,mexico,fpc1,-8.191001384,fe_b_n,mean
barb5_ssd01,mexico,fpc1,-12.97168168,fe_b_n,mean
bov_635,mexico,fpc1,-10.30478305,fe_b_n,mean
brvi142_hd102,mexico,fpc1,-4.097786058,fe_b_n,mean
cal14113,mexico,fpc1,-4.012601015,fe_b_n,mean
cal1440,mexico,fpc1,7.014612505,fe_b_n,mean
cal1469,mexico,fpc1,7.80258031,fe_b_n,mean
cal152,mexico,fpc1,-15.01290654,fe_b_n,mean
cla105,mexico,fpc1,0.906739722,fe_b_n,mean
cla127,mexico,fpc1,-10.00643383,fe_b_n,mean
cla41,mexico,fpc1,-2.212268346,fe_b_n,mean
cml10,mexico,fpc1,0.232162638,fe_b_n,mean
cml103,mexico,fpc1,-1.513484785,fe_b_n,mean
cml196,mexico,fpc1,-2.316898291,fe_b_n,mean
cml228,mexico,fpc1,-9.830692078,fe_b_n,mean
cml247,mexico,fpc1,-5.191329124,fe_b_n,mean
cml254,mexico,fpc1,-3.043480588,fe_b_n,mean
cml258,mexico,fpc1,-0.344286488,fe_b_n,mean
cml277,mexico,fpc1,-5.677210717,fe_b_n,mean
cml281,mexico,fpc1,-6.114915653,fe_b_n,mean
cml287,mexico,fpc1,-1.25699208,fe_b_n,mean
cml312,mexico,fpc1,-14.74214327,fe_b_n,mean
cml322,mexico,fpc1,-3.45575729,fe_b_n,mean
cml328,mexico,fpc1,-5.162098401,fe_b_n,mean
cml331,mexico,fpc1,2.733233592,fe_b_n,mean
cml332,mexico,fpc1,-4.468531127,fe_b_n,mean
cml333,mexico,fpc1,-3.643299534,fe_b_n,mean
cml341,mexico,fpc1,2.051260137,fe_b_n,mean
cml373,mexico,fpc1,-0.020129432,fe_b_n,mean
cml424,mexico,fpc1,-8.311269664,fe_b_n,mean
cml425,mexico,fpc1,-18.00470851,fe_b_n,mean
cml440,mexico,fpc1,-10.60051511,fe_b_n,mean
cml444,mexico,fpc1,-1.602004776,fe_b_n,mean
cml456,mexico,fpc1,-6.169997778,fe_b_n,mean
cml460,mexico,fpc1,-1.578623801,fe_b_n,mean
cml471,mexico,fpc1,-13.77488566,fe_b_n,mean
cml473,mexico,fpc1,-11.14397626,fe_b_n,mean
cml5,mexico,fpc1,-9.27277213,fe_b_n,mean
cml52,mexico,fpc1,-1.504913608,fe_b_n,mean
cml537,mexico,fpc1,-7.63890449,fe_b_n,mean
cml541,mexico,fpc1,-7.187982732,fe_b_n,mean
cml542,mexico,fpc1,-11.47611891,fe_b_n,mean
cml545,mexico,fpc1,-7.197321733,fe_b_n,mean
cml550,mexico,fpc1,-5.945634059,fe_b_n,mean
cml566,mexico,fpc1,-0.368620884,fe_b_n,mean
cml568,mexico,fpc1,-6.125447514,fe_b_n,mean
cml570,mexico,fpc1,-4.531169618,fe_b_n,mean
cml576,mexico,fpc1,-2.133726625,fe_b_n,mean
cml587,mexico,fpc1,-8.071412016,fe_b_n,mean
cml592,mexico,fpc1,-0.082599673,fe_b_n,mean
cml593,mexico,fpc1,-0.962832015,fe_b_n,mean
cml69,mexico,fpc1,2.051130846,fe_b_n,mean
cuba54_hd102,mexico,fpc1,-11.34803528,fe_b_n,mean
cuba54_hd105,mexico,fpc1,-2.723125308,fe_b_n,mean
czl04021,mexico,fpc1,-13.33052523,fe_b_n,mean
czl1358,mexico,fpc1,8.638024779,fe_b_n,mean
czl1465,mexico,fpc1,2.157300898,fe_b_n,mean
czl15003,mexico,fpc1,-10.75094605,fe_b_n,mean
czl15007,mexico,fpc1,-7.846050099,fe_b_n,mean
czl15081,mexico,fpc1,NA,fe_b_n,mean
czl15123,mexico,fpc1,-5.822682848,fe_b_n,mean
czl15194,mexico,fpc1,-4.463615204,fe_b_n,mean
czl15206,mexico,fpc1,3.38609776,fe_b_n,mean
czl16020,mexico,fpc1,0.35024141,fe_b_n,mean
czl16078,mexico,fpc1,1.113754205,fe_b_n,mean
czl17015,mexico,fpc1,-3.994874018,fe_b_n,mean
czl20003,mexico,fpc1,2.537836354,fe_b_n,mean
dtma_236,mexico,fpc1,-1.820343662,fe_b_n,mean
dtma_250,mexico,fpc1,-10.88845068,fe_b_n,mean
dtma_29,mexico,fpc1,-6.101095987,fe_b_n,mean
ecua476_ssd01,mexico,fpc1,-4.966108623,fe_b_n,mean
em1197,mexico,fpc1,-5.318833314,fe_b_n,mean
gcp_193,mexico,fpc1,-9.854634831,fe_b_n,mean
guad6_ssd01,mexico,fpc1,-0.926518305,fe_b_n,mean
hip9801a,mexico,fpc1,-9.35925188,fe_b_n,mean
hip9802c,mexico,fpc1,-11.12315707,fe_b_n,mean
hip9803b,mexico,fpc1,1.75744074,fe_b_n,mean
hip9806a,mexico,fpc1,1.666942579,fe_b_n,mean
hip9806b,mexico,fpc1,-2.16444339,fe_b_n,mean
hip9810a,mexico,fpc1,-3.913853271,fe_b_n,mean
k64r,mexico,fpc1,-10.51722746,fe_b_n,mean
ki11,mexico,fpc1,1.286981976,fe_b_n,mean
ki14,mexico,fpc1,-1.760143547,fe_b_n,mean
ki3,mexico,fpc1,-8.843354697,fe_b_n,mean
lh123ht,mexico,fpc1,-6.458207534,fe_b_n,mean
lh195,mexico,fpc1,-3.692046389,fe_b_n,mean
lp1037,mexico,fpc1,-17.19272936,fe_b_n,mean
m37w,mexico,fpc1,-0.763915259,fe_b_n,mean
mo17,mexico,fpc1,-9.601726113,fe_b_n,mean
mor_17,mexico,fpc1,-12.81794587,fe_b_n,mean
nc338,mexico,fpc1,-14.02296726,fe_b_n,mean
nc358,mexico,fpc1,-18.16945968,fe_b_n,mean
nilasq4g31i04,mexico,fpc1,-8.547645606,fe_b_n,mean
nilasq4g31i06,mexico,fpc1,-4.552650293,fe_b_n,mean
nilasq4g41i07,mexico,fpc1,-7.8463984,fe_b_n,mean
nilasq4g71i03,mexico,fpc1,-7.189926917,fe_b_n,mean
oax_70_ssd,mexico,fpc1,NA,fe_b_n,mean
oaxagp1_ssd01,mexico,fpc1,0.861266519,fe_b_n,mean
oh43,mexico,fpc1,-5.392045644,fe_b_n,mean
pdz687_hd105,mexico,fpc1,-17.51819481,fe_b_n,mean
pdz689_hd201,mexico,fpc1,-18.97871577,fe_b_n,mean
ph207,mexico,fpc1,-8.791514652,fe_b_n,mean
sc_malawi,mexico,fpc1,-1.168827192,fe_b_n,mean
tams_125,mexico,fpc1,-1.440095535,fe_b_n,mean
tx601,mexico,fpc1,-3.176942728,fe_b_n,mean
tzi8,mexico,fpc1,-5.148154531,fe_b_n,mean
tzi9,mexico,fpc1,-1.223297496,fe_b_n,mean
vl1018816,mexico,fpc1,-4.283324449,fe_b_n,mean
vl1253,mexico,fpc1,-2.83313489,fe_b_n,mean
2369,mexico,fpc2,-2.883126951,fe_b_n,mean
b104,mexico,fpc2,3.704909307,fe_b_n,mean
b37,mexico,fpc2,-1.095414338,fe_b_n,mean
b73,mexico,fpc2,0.270033598,fe_b_n,mean
ba90,mexico,fpc2,3.894249806,fe_b_n,mean
barb5_ssd01,mexico,fpc2,1.396843569,fe_b_n,mean
bov_635,mexico,fpc2,-0.288243251,fe_b_n,mean
brvi142_hd102,mexico,fpc2,4.160768667,fe_b_n,mean
cal14113,mexico,fpc2,7.21179692,fe_b_n,mean
cal1440,mexico,fpc2,-0.222834781,fe_b_n,mean
cal1469,mexico,fpc2,5.751966177,fe_b_n,mean
cal152,mexico,fpc2,-0.420729452,fe_b_n,mean
cla105,mexico,fpc2,3.448514224,fe_b_n,mean
cla127,mexico,fpc2,-8.454479179,fe_b_n,mean
cla41,mexico,fpc2,5.703610383,fe_b_n,mean
cml10,mexico,fpc2,3.43986283,fe_b_n,mean
cml103,mexico,fpc2,-0.125688282,fe_b_n,mean
cml196,mexico,fpc2,0.960305751,fe_b_n,mean
cml228,mexico,fpc2,3.320639259,fe_b_n,mean
cml247,mexico,fpc2,3.540853514,fe_b_n,mean
cml254,mexico,fpc2,6.368118918,fe_b_n,mean
cml258,mexico,fpc2,7.243592535,fe_b_n,mean
cml277,mexico,fpc2,3.743216089,fe_b_n,mean
cml281,mexico,fpc2,-2.388458221,fe_b_n,mean
cml287,mexico,fpc2,0.00366026,fe_b_n,mean
cml312,mexico,fpc2,6.217968427,fe_b_n,mean
cml322,mexico,fpc2,-5.186650709,fe_b_n,mean
cml328,mexico,fpc2,5.687198665,fe_b_n,mean
cml331,mexico,fpc2,5.16798279,fe_b_n,mean
cml332,mexico,fpc2,6.188249384,fe_b_n,mean
cml333,mexico,fpc2,-0.236485232,fe_b_n,mean
cml341,mexico,fpc2,4.371231093,fe_b_n,mean
cml373,mexico,fpc2,2.315414404,fe_b_n,mean
cml424,mexico,fpc2,0.824477061,fe_b_n,mean
cml425,mexico,fpc2,1.100918808,fe_b_n,mean
cml440,mexico,fpc2,1.708960294,fe_b_n,mean
cml444,mexico,fpc2,2.759482443,fe_b_n,mean
cml456,mexico,fpc2,-0.330087856,fe_b_n,mean
cml460,mexico,fpc2,-3.050302491,fe_b_n,mean
cml471,mexico,fpc2,-0.464458217,fe_b_n,mean
cml473,mexico,fpc2,1.572457273,fe_b_n,mean
cml5,mexico,fpc2,4.859141826,fe_b_n,mean
cml52,mexico,fpc2,-2.915224595,fe_b_n,mean
cml537,mexico,fpc2,-3.860545292,fe_b_n,mean
cml541,mexico,fpc2,2.307953599,fe_b_n,mean
cml542,mexico,fpc2,3.68380093,fe_b_n,mean
cml545,mexico,fpc2,-1.388461846,fe_b_n,mean
cml550,mexico,fpc2,0.378642081,fe_b_n,mean
cml566,mexico,fpc2,4.592835332,fe_b_n,mean
cml568,mexico,fpc2,8.151414345,fe_b_n,mean
cml570,mexico,fpc2,0.774507273,fe_b_n,mean
cml576,mexico,fpc2,2.35852252,fe_b_n,mean
cml587,mexico,fpc2,-2.324533099,fe_b_n,mean
cml592,mexico,fpc2,2.708543946,fe_b_n,mean
cml593,mexico,fpc2,0.248730671,fe_b_n,mean
cml69,mexico,fpc2,1.750550818,fe_b_n,mean
cuba54_hd102,mexico,fpc2,5.366672686,fe_b_n,mean
cuba54_hd105,mexico,fpc2,5.921287476,fe_b_n,mean
czl04021,mexico,fpc2,1.608155512,fe_b_n,mean
czl1358,mexico,fpc2,-0.206399049,fe_b_n,mean
czl1465,mexico,fpc2,1.247253285,fe_b_n,mean
czl15003,mexico,fpc2,-0.007095175,fe_b_n,mean
czl15007,mexico,fpc2,2.535575574,fe_b_n,mean
czl15081,mexico,fpc2,NA,fe_b_n,mean
czl15123,mexico,fpc2,-1.472162012,fe_b_n,mean
czl15194,mexico,fpc2,1.382344227,fe_b_n,mean
czl15206,mexico,fpc2,1.244549311,fe_b_n,mean
czl16020,mexico,fpc2,0.926664621,fe_b_n,mean
czl16078,mexico,fpc2,1.400549311,fe_b_n,mean
czl17015,mexico,fpc2,0.609002574,fe_b_n,mean
czl20003,mexico,fpc2,-0.805383396,fe_b_n,mean
dtma_236,mexico,fpc2,2.71581121,fe_b_n,mean
dtma_250,mexico,fpc2,0.500526327,fe_b_n,mean
dtma_29,mexico,fpc2,2.890229862,fe_b_n,mean
ecua476_ssd01,mexico,fpc2,-3.744242917,fe_b_n,mean
em1197,mexico,fpc2,-3.206945368,fe_b_n,mean
gcp_193,mexico,fpc2,1.728409101,fe_b_n,mean
guad6_ssd01,mexico,fpc2,4.235287677,fe_b_n,mean
hip9801a,mexico,fpc2,-0.718892444,fe_b_n,mean
hip9802c,mexico,fpc2,1.621901261,fe_b_n,mean
hip9803b,mexico,fpc2,4.383079907,fe_b_n,mean
hip9806a,mexico,fpc2,-4.057835284,fe_b_n,mean
hip9806b,mexico,fpc2,-2.145690082,fe_b_n,mean
hip9810a,mexico,fpc2,0.478632997,fe_b_n,mean
k64r,mexico,fpc2,-0.087589224,fe_b_n,mean
ki11,mexico,fpc2,6.206180964,fe_b_n,mean
ki14,mexico,fpc2,0.87464465,fe_b_n,mean
ki3,mexico,fpc2,5.432228904,fe_b_n,mean
lh123ht,mexico,fpc2,-6.467638337,fe_b_n,mean
lh195,mexico,fpc2,-1.192808902,fe_b_n,mean
lp1037,mexico,fpc2,-2.033886597,fe_b_n,mean
m37w,mexico,fpc2,1.950942504,fe_b_n,mean
mo17,mexico,fpc2,0.030572371,fe_b_n,mean
mor_17,mexico,fpc2,-0.179781381,fe_b_n,mean
nc338,mexico,fpc2,0.343107529,fe_b_n,mean
nc358,mexico,fpc2,-0.9394852,fe_b_n,mean
nilasq4g31i04,mexico,fpc2,1.336952,fe_b_n,mean
nilasq4g31i06,mexico,fpc2,-1.112700797,fe_b_n,mean
nilasq4g41i07,mexico,fpc2,-0.338566468,fe_b_n,mean
nilasq4g71i03,mexico,fpc2,-2.868416624,fe_b_n,mean
oax_70_ssd,mexico,fpc2,NA,fe_b_n,mean
oaxagp1_ssd01,mexico,fpc2,2.242715392,fe_b_n,mean
oh43,mexico,fpc2,-1.368981223,fe_b_n,mean
pdz687_hd105,mexico,fpc2,-2.449785882,fe_b_n,mean
pdz689_hd201,mexico,fpc2,1.235911355,fe_b_n,mean
ph207,mexico,fpc2,-0.461541711,fe_b_n,mean
sc_malawi,mexico,fpc2,9.136963654,fe_b_n,mean
tams_125,mexico,fpc2,0.377126591,fe_b_n,mean
tx601,mexico,fpc2,4.730149509,fe_b_n,mean
tzi8,mexico,fpc2,-0.408332483,fe_b_n,mean
tzi9,mexico,fpc2,-1.207657261,fe_b_n,mean
vl1018816,mexico,fpc2,-1.831740527,fe_b_n,mean
vl1253,mexico,fpc2,-0.222525255,fe_b_n,mean
2369,mexico,longest_leaf,72.91506624,fe_b_n,mean
b104,mexico,longest_leaf,92.08159753,fe_b_n,mean
b37,mexico,longest_leaf,71.5597434,fe_b_n,mean
b73,mexico,longest_leaf,75.79456908,fe_b_n,mean
ba90,mexico,longest_leaf,78.80750903,fe_b_n,mean
barb5_ssd01,mexico,longest_leaf,69.88443254,fe_b_n,mean
bov_635,mexico,longest_leaf,74.43958134,fe_b_n,mean
brvi142_hd102,mexico,longest_leaf,80.7756175,fe_b_n,mean
cal14113,mexico,longest_leaf,85.77954791,fe_b_n,mean
cal1440,mexico,longest_leaf,93.32742682,fe_b_n,mean
cal1469,mexico,longest_leaf,97.66095218,fe_b_n,mean
cal152,mexico,longest_leaf,64.72634505,fe_b_n,mean
cla105,mexico,longest_leaf,87.93174277,fe_b_n,mean
cla127,mexico,longest_leaf,71.66701441,fe_b_n,mean
cla41,mexico,longest_leaf,82.7075567,fe_b_n,mean
cml10,mexico,longest_leaf,87.46536938,fe_b_n,mean
cml103,mexico,longest_leaf,80.27890585,fe_b_n,mean
cml196,mexico,longest_leaf,81.69694462,fe_b_n,mean
cml228,mexico,longest_leaf,78.57510611,fe_b_n,mean
cml247,mexico,longest_leaf,80.85599092,fe_b_n,mean
cml254,mexico,longest_leaf,87.6275626,fe_b_n,mean
cml258,mexico,longest_leaf,89.67365617,fe_b_n,mean
cml277,mexico,longest_leaf,77.0043842,fe_b_n,mean
cml281,mexico,longest_leaf,77.6978394,fe_b_n,mean
cml287,mexico,longest_leaf,84.77655171,fe_b_n,mean
cml312,mexico,longest_leaf,70.00126393,fe_b_n,mean
cml322,mexico,longest_leaf,77.48091023,fe_b_n,mean
cml328,mexico,longest_leaf,80.56565031,fe_b_n,mean
cml331,mexico,longest_leaf,90.93207753,fe_b_n,mean
cml332,mexico,longest_leaf,83.76088497,fe_b_n,mean
cml333,mexico,longest_leaf,77.5167434,fe_b_n,mean
cml341,mexico,longest_leaf,90.0752125,fe_b_n,mean
cml373,mexico,longest_leaf,86.84047479,fe_b_n,mean
cml424,mexico,longest_leaf,76.01007237,fe_b_n,mean
cml425,mexico,longest_leaf,62.65804263,fe_b_n,mean
cml440,mexico,longest_leaf,72.62999021,fe_b_n,mean
cml444,mexico,longest_leaf,83.76273581,fe_b_n,mean
cml456,mexico,longest_leaf,73.37536647,fe_b_n,mean
cml460,mexico,longest_leaf,82.1420848,fe_b_n,mean
cml471,mexico,longest_leaf,63.83111348,fe_b_n,mean
cml473,mexico,longest_leaf,72.03114679,fe_b_n,mean
cml5,mexico,longest_leaf,77.46696866,fe_b_n,mean
cml52,mexico,longest_leaf,82.61869193,fe_b_n,mean
cml537,mexico,longest_leaf,72.81434625,fe_b_n,mean
cml541,mexico,longest_leaf,74.49497979,fe_b_n,mean
cml542,mexico,longest_leaf,72.31502936,fe_b_n,mean
cml545,mexico,longest_leaf,74.08503075,fe_b_n,mean
cml550,mexico,longest_leaf,75.75309553,fe_b_n,mean
cml566,mexico,longest_leaf,91.32126711,fe_b_n,mean
cml568,mexico,longest_leaf,80.17119247,fe_b_n,mean
cml570,mexico,longest_leaf,76.07577829,fe_b_n,mean
cml576,mexico,longest_leaf,81.87983041,fe_b_n,mean
cml587,mexico,longest_leaf,74.27045364,fe_b_n,mean
cml592,mexico,longest_leaf,84.16005142,fe_b_n,mean
cml593,mexico,longest_leaf,84.13004811,fe_b_n,mean
cml69,mexico,longest_leaf,87.31282071,fe_b_n,mean
cuba54_hd102,mexico,longest_leaf,75.0375444,fe_b_n,mean
cuba54_hd105,mexico,longest_leaf,84.54247742,fe_b_n,mean
czl04021,mexico,longest_leaf,65.42917213,fe_b_n,mean
czl1358,mexico,longest_leaf,96.14289868,fe_b_n,mean
czl1465,mexico,longest_leaf,89.60524053,fe_b_n,mean
czl15003,mexico,longest_leaf,68.38890286,fe_b_n,mean
czl15007,mexico,longest_leaf,79.22894461,fe_b_n,mean
czl15081,mexico,longest_leaf,NA,fe_b_n,mean
czl15123,mexico,longest_leaf,75.74421858,fe_b_n,mean
czl15194,mexico,longest_leaf,76.05399566,fe_b_n,mean
czl15206,mexico,longest_leaf,93.41465642,fe_b_n,mean
czl16020,mexico,longest_leaf,87.51885248,fe_b_n,mean
czl16078,mexico,longest_leaf,85.96626435,fe_b_n,mean
czl17015,mexico,longest_leaf,81.19223449,fe_b_n,mean
czl20003,mexico,longest_leaf,86.36415856,fe_b_n,mean
dtma_236,mexico,longest_leaf,83.04591123,fe_b_n,mean
dtma_250,mexico,longest_leaf,67.7493778,fe_b_n,mean
dtma_29,mexico,longest_leaf,74.52100421,fe_b_n,mean
ecua476_ssd01,mexico,longest_leaf,78.17052231,fe_b_n,mean
em1197,mexico,longest_leaf,75.23833111,fe_b_n,mean
gcp_193,mexico,longest_leaf,72.27127038,fe_b_n,mean
guad6_ssd01,mexico,longest_leaf,86.59535653,fe_b_n,mean
hip9801a,mexico,longest_leaf,76.53170935,fe_b_n,mean
hip9802c,mexico,longest_leaf,72.04080143,fe_b_n,mean
hip9803b,mexico,longest_leaf,88.20444307,fe_b_n,mean
hip9806a,mexico,longest_leaf,86.29796906,fe_b_n,mean
hip9806b,mexico,longest_leaf,82.10485264,fe_b_n,mean
hip9810a,mexico,longest_leaf,81.68403465,fe_b_n,mean
k64r,mexico,longest_leaf,69.16462086,fe_b_n,mean
ki11,mexico,longest_leaf,86.62547725,fe_b_n,mean
ki14,mexico,longest_leaf,83.00061593,fe_b_n,mean
ki3,mexico,longest_leaf,77.78543354,fe_b_n,mean
lh123ht,mexico,longest_leaf,74.27548574,fe_b_n,mean
lh195,mexico,longest_leaf,77.52122546,fe_b_n,mean
lp1037,mexico,longest_leaf,55.53755498,fe_b_n,mean
m37w,mexico,longest_leaf,82.16113699,fe_b_n,mean
mo17,mexico,longest_leaf,70.62980429,fe_b_n,mean
mor_17,mexico,longest_leaf,67.42231437,fe_b_n,mean
nc338,mexico,longest_leaf,65.36320859,fe_b_n,mean
nc358,mexico,longest_leaf,59.46386489,fe_b_n,mean
nilasq4g31i04,mexico,longest_leaf,75.79924897,fe_b_n,mean
nilasq4g31i06,mexico,longest_leaf,77.84741956,fe_b_n,mean
nilasq4g41i07,mexico,longest_leaf,75.72267304,fe_b_n,mean
nilasq4g71i03,mexico,longest_leaf,75.01193231,fe_b_n,mean
oax_70_ssd,mexico,longest_leaf,NA,fe_b_n,mean
oaxagp1_ssd01,mexico,longest_leaf,87.12733919,fe_b_n,mean
oh43,mexico,longest_leaf,76.98164211,fe_b_n,mean
pdz687_hd105,mexico,longest_leaf,60.2920021,fe_b_n,mean
pdz689_hd201,mexico,longest_leaf,60.11583181,fe_b_n,mean
ph207,mexico,longest_leaf,71.52779691,fe_b_n,mean
sc_malawi,mexico,longest_leaf,89.75366989,fe_b_n,mean
tams_125,mexico,longest_leaf,83.24513775,fe_b_n,mean
tx601,mexico,longest_leaf,82.24635127,fe_b_n,mean
tzi8,mexico,longest_leaf,74.96332496,fe_b_n,mean
tzi9,mexico,longest_leaf,83.37415557,fe_b_n,mean
vl1018816,mexico,longest_leaf,79.69030257,fe_b_n,mean
vl1253,mexico,longest_leaf,81.8264194,fe_b_n,mean
2369,mexico,longest_leaf_pos,0.617735925,fe_b_n,mean
b104,mexico,longest_leaf_pos,0.666959064,fe_b_n,mean
b37,mexico,longest_leaf_pos,0.62962963,fe_b_n,mean
b73,mexico,longest_leaf_pos,0.646140351,fe_b_n,mean
ba90,mexico,longest_leaf_pos,0.722222222,fe_b_n,mean
barb5_ssd01,mexico,longest_leaf_pos,0.688429407,fe_b_n,mean
bov_635,mexico,longest_leaf_pos,0.660130719,fe_b_n,mean
brvi142_hd102,mexico,longest_leaf_pos,0.696881092,fe_b_n,mean
cal14113,mexico,longest_leaf_pos,0.718614719,fe_b_n,mean
cal1440,mexico,longest_leaf_pos,0.607212476,fe_b_n,mean
cal1469,mexico,longest_leaf_pos,0.656862745,fe_b_n,mean
cal152,mexico,longest_leaf_pos,0.661904762,fe_b_n,mean
cla105,mexico,longest_leaf_pos,0.666666667,fe_b_n,mean
cla127,mexico,longest_leaf_pos,0.578070175,fe_b_n,mean
cla41,mexico,longest_leaf_pos,0.684210526,fe_b_n,mean
cml10,mexico,longest_leaf_pos,0.672239641,fe_b_n,mean
cml103,mexico,longest_leaf_pos,0.633542189,fe_b_n,mean
cml196,mexico,longest_leaf_pos,0.662828283,fe_b_n,mean
cml228,mexico,longest_leaf_pos,0.692810458,fe_b_n,mean
cml247,mexico,longest_leaf_pos,0.676767677,fe_b_n,mean
cml254,mexico,longest_leaf_pos,0.697510823,fe_b_n,mean
cml258,mexico,longest_leaf_pos,0.692803422,fe_b_n,mean
cml277,mexico,longest_leaf_pos,0.682116834,fe_b_n,mean
cml281,mexico,longest_leaf_pos,0.643115942,fe_b_n,mean
cml287,mexico,longest_leaf_pos,0.64484127,fe_b_n,mean
cml312,mexico,longest_leaf_pos,0.733333333,fe_b_n,mean
cml322,mexico,longest_leaf_pos,0.572394221,fe_b_n,mean
cml328,mexico,longest_leaf_pos,0.718055556,fe_b_n,mean
cml331,mexico,longest_leaf_pos,0.655555556,fe_b_n,mean
cml332,mexico,longest_leaf_pos,0.701754386,fe_b_n,mean
cml333,mexico,longest_leaf_pos,0.631578947,fe_b_n,mean
cml341,mexico,longest_leaf_pos,0.66374269,fe_b_n,mean
cml373,mexico,longest_leaf_pos,0.655263158,fe_b_n,mean
cml424,mexico,longest_leaf_pos,0.685586515,fe_b_n,mean
cml425,mexico,longest_leaf_pos,0.70214425,fe_b_n,mean
cml440,mexico,longest_leaf_pos,0.705882353,fe_b_n,mean
cml444,mexico,longest_leaf_pos,0.661528822,fe_b_n,mean
cml456,mexico,longest_leaf_pos,0.644444444,fe_b_n,mean
cml460,mexico,longest_leaf_pos,0.623093682,fe_b_n,mean
cml471,mexico,longest_leaf_pos,0.666666667,fe_b_n,mean
cml473,mexico,longest_leaf_pos,0.674074074,fe_b_n,mean
cml5,mexico,longest_leaf_pos,0.721428571,fe_b_n,mean
cml52,mexico,longest_leaf_pos,0.615183793,fe_b_n,mean
cml537,mexico,longest_leaf_pos,0.627705628,fe_b_n,mean
cml541,mexico,longest_leaf_pos,0.655263158,fe_b_n,mean
cml542,mexico,longest_leaf_pos,0.686683007,fe_b_n,mean
cml545,mexico,longest_leaf_pos,0.631062951,fe_b_n,mean
cml550,mexico,longest_leaf_pos,0.637719298,fe_b_n,mean
cml566,mexico,longest_leaf_pos,0.687590188,fe_b_n,mean
cml568,mexico,longest_leaf_pos,0.733333333,fe_b_n,mean
cml570,mexico,longest_leaf_pos,0.631578947,fe_b_n,mean
cml576,mexico,longest_leaf_pos,0.661904762,fe_b_n,mean
cml587,mexico,longest_leaf_pos,0.648434813,fe_b_n,mean
cml592,mexico,longest_leaf_pos,0.660818713,fe_b_n,mean
cml593,mexico,longest_leaf_pos,0.648738942,fe_b_n,mean
cml69,mexico,longest_leaf_pos,0.637719298,fe_b_n,mean
cuba54_hd102,mexico,longest_leaf_pos,0.701988304,fe_b_n,mean
cuba54_hd105,mexico,longest_leaf_pos,0.702380952,fe_b_n,mean
czl04021,mexico,longest_leaf_pos,0.678362573,fe_b_n,mean
czl1358,mexico,longest_leaf_pos,0.616666667,fe_b_n,mean
czl1465,mexico,longest_leaf_pos,0.651734739,fe_b_n,mean
czl15003,mexico,longest_leaf_pos,0.666666667,fe_b_n,mean
czl15007,mexico,longest_leaf_pos,0.698412698,fe_b_n,mean
czl15081,mexico,longest_leaf_pos,NA,fe_b_n,mean
czl15123,mexico,longest_leaf_pos,0.636738906,fe_b_n,mean
czl15194,mexico,longest_leaf_pos,0.637719298,fe_b_n,mean
czl15206,mexico,longest_leaf_pos,0.661904762,fe_b_n,mean
czl16020,mexico,longest_leaf_pos,0.666666667,fe_b_n,mean
czl16078,mexico,longest_leaf_pos,0.651515152,fe_b_n,mean
czl17015,mexico,longest_leaf_pos,0.647058824,fe_b_n,mean
czl20003,mexico,longest_leaf_pos,0.627192982,fe_b_n,mean
dtma_236,mexico,longest_leaf_pos,0.669298246,fe_b_n,mean
dtma_250,mexico,longest_leaf_pos,0.666666667,fe_b_n,mean
dtma_29,mexico,longest_leaf_pos,0.643274854,fe_b_n,mean
ecua476_ssd01,mexico,longest_leaf_pos,0.614379085,fe_b_n,mean
em1197,mexico,longest_leaf_pos,0.607843137,fe_b_n,mean
gcp_193,mexico,longest_leaf_pos,0.678070175,fe_b_n,mean
guad6_ssd01,mexico,longest_leaf_pos,0.688345865,fe_b_n,mean
hip9801a,mexico,longest_leaf_pos,0.67251462,fe_b_n,mean
hip9802c,mexico,longest_leaf_pos,0.692193676,fe_b_n,mean
hip9803b,mexico,longest_leaf_pos,0.672807018,fe_b_n,mean
hip9806a,mexico,longest_leaf_pos,0.591478697,fe_b_n,mean
hip9806b,mexico,longest_leaf_pos,0.638888889,fe_b_n,mean
hip9810a,mexico,longest_leaf_pos,0.660526316,fe_b_n,mean
k64r,mexico,longest_leaf_pos,0.666959064,fe_b_n,mean
ki11,mexico,longest_leaf_pos,0.683823529,fe_b_n,mean
ki14,mexico,longest_leaf_pos,0.661111111,fe_b_n,mean
ki3,mexico,longest_leaf_pos,0.70288671,fe_b_n,mean
lh123ht,mexico,longest_leaf_pos,0.590740741,fe_b_n,mean
lh195,mexico,longest_leaf_pos,0.636452242,fe_b_n,mean
lp1037,mexico,longest_leaf_pos,0.622222222,fe_b_n,mean
m37w,mexico,longest_leaf_pos,0.6416122,fe_b_n,mean
mo17,mexico,longest_leaf_pos,0.6875,fe_b_n,mean
mor_17,mexico,longest_leaf_pos,0.653594771,fe_b_n,mean
nc338,mexico,longest_leaf_pos,0.673611111,fe_b_n,mean
nc358,mexico,longest_leaf_pos,0.679738562,fe_b_n,mean
nilasq4g31i04,mexico,longest_leaf_pos,0.679738562,fe_b_n,mean
nilasq4g31i06,mexico,longest_leaf_pos,0.635756057,fe_b_n,mean
nilasq4g41i07,mexico,longest_leaf_pos,0.669467787,fe_b_n,mean
nilasq4g71i03,mexico,longest_leaf_pos,0.635620915,fe_b_n,mean
oax_70_ssd,mexico,longest_leaf_pos,NA,fe_b_n,mean
oaxagp1_ssd01,mexico,longest_leaf_pos,0.656785244,fe_b_n,mean
oh43,mexico,longest_leaf_pos,0.625,fe_b_n,mean
pdz687_hd105,mexico,longest_leaf_pos,0.656862745,fe_b_n,mean
pdz689_hd201,mexico,longest_leaf_pos,0.698658411,fe_b_n,mean
ph207,mexico,longest_leaf_pos,0.655473856,fe_b_n,mean
sc_malawi,mexico,longest_leaf_pos,0.739348371,fe_b_n,mean
tams_125,mexico,longest_leaf_pos,0.645707071,fe_b_n,mean
tx601,mexico,longest_leaf_pos,0.690217391,fe_b_n,mean
tzi8,mexico,longest_leaf_pos,0.634556087,fe_b_n,mean
tzi9,mexico,longest_leaf_pos,0.6365722,fe_b_n,mean
vl1018816,mexico,longest_leaf_pos,0.64794686,fe_b_n,mean
vl1253,mexico,longest_leaf_pos,0.65,fe_b_n,mean